id,type,x,y
92,Inlier,16,89
117,Inlier,178,157
408,Inlier,177,25
956,Inlier,131,159
1187,Inlier,125,5
1199,Inlier,116,135
85,Inlier,112,130
151,Inlier,107,101
370,Inlier,87,113
638,Inlier,172,194
691,Inlier,5,80
792,Inlier,28,75
834,Inlier,126,121
1104,Inlier,11,167
1511,Inlier,84,63
1712,Inlier,58,64
1,Inlier,134,36
462,Inlier,13,163
521,Inlier,50,49
711,Inlier,171,42
1052,Inlier,1,24
1629,Inlier,1,98
1696,Inlier,176,47
1751,Inlier,74,76
1752,Inlier,138,149
175,Inlier,89,69
292,Inlier,168,194
465,Inlier,98,146
940,Inlier,37,157
946,Inlier,91,196
951,Inlier,74,29
986,Inlier,91,41
1009,Inlier,79,56
1247,Inlier,181,161
1461,Inlier,125,43
1757,Inlier,42,79
1809,Inlier,12,13
1969,Inlier,133,59
54,Inlier,192,163
232,Inlier,62,38
272,Inlier,196,19
477,Inlier,65,194
686,Inlier,88,185
1046,Inlier,61,195
1057,Inlier,30,88
1177,Inlier,114,25
1279,Inlier,15,35
113,Inlier,28,91
116,Inlier,168,169
148,Inlier,141,175
223,Inlier,67,98
231,Inlier,60,54
340,Inlier,162,145
854,Inlier,144,184
1032,Inlier,74,106
1142,Inlier,8,90
1490,Inlier,114,75
1966,Inlier,16,147
1971,Inlier,134,178
30,Inlier,63,6
418,Inlier,65,97
665,Inlier,137,38
813,Inlier,70,44
1421,Inlier,162,88
1943,Inlier,16,143
137,Inlier,37,35
612,Inlier,181,58
620,Inlier,39,82
626,Inlier,156,153
887,Inlier,182,187
1469,Inlier,72,8
1652,Inlier,57,128
1686,Inlier,167,151
1710,Inlier,19,175
1735,Inlier,6,138
158,Inlier,112,148
343,Inlier,149,23
376,Inlier,136,112
536,Inlier,37,73
759,Inlier,109,102
762,Inlier,129,82
821,Inlier,168,174
841,Inlier,18,56
989,Inlier,196,171
1015,Inlier,71,3
1259,Inlier,103,151
1478,Inlier,154,161
1638,Inlier,144,75
1651,Inlier,18,22
1700,Inlier,165,126
1769,Inlier,91,74
1851,Inlier,136,52
1860,Inlier,67,165
1883,Inlier,63,15
1893,Inlier,128,91
1967,Inlier,189,186
427,Inlier,172,102
1020,Inlier,22,174
1098,Inlier,96,155
1274,Inlier,96,98
1381,Inlier,138,123
1578,Inlier,187,151
1664,Inlier,53,125
1784,Inlier,103,95
796,Inlier,190,131
846,Inlier,33,82
1000,Inlier,1,71
1118,Inlier,178,4
1320,Inlier,156,119
1559,Inlier,77,106
1717,Inlier,3,58
1740,Inlier,195,36
1889,Inlier,185,8
240,Inlier,170,71
259,Inlier,131,133
309,Inlier,57,25
1117,Inlier,152,29
1261,Inlier,180,31
1498,Inlier,167,28
1903,Inlier,84,145
1919,Inlier,138,80
66,Inlier,102,44
458,Inlier,40,53
460,Inlier,124,106
568,Inlier,13,39
624,Inlier,52,172
661,Inlier,114,43
818,Inlier,32,112
889,Inlier,78,65
965,Inlier,51,41
1021,Inlier,166,174
1284,Inlier,91,39
1322,Inlier,28,154
1915,Inlier,19,153
333,Inlier,119,51
1111,Inlier,195,59
1569,Inlier,132,80
31,Inlier,162,64
34,Inlier,101,124
264,Inlier,148,155
360,Inlier,177,23
409,Inlier,149,138
532,Inlier,112,67
554,Inlier,20,31
1110,Inlier,20,181
1125,Inlier,49,119
1449,Inlier,162,129
1619,Inlier,11,135
1662,Inlier,32,23
1668,Inlier,41,4
10,Inlier,56,184
509,Inlier,24,191
1094,Inlier,14,53
1131,Inlier,108,90
1134,Inlier,145,192
1243,Inlier,190,35
1365,Inlier,186,3
1837,Inlier,119,150
1898,Inlier,66,29
1905,Inlier,28,67
234,Inlier,78,119
353,Inlier,37,109
356,Inlier,169,70
653,Inlier,1,95
798,Inlier,40,71
1007,Inlier,159,87
1260,Inlier,9,38
1302,Inlier,185,53
1406,Inlier,24,109
1496,Inlier,104,173
1567,Inlier,148,5
1607,Inlier,170,43
1610,Inlier,72,33
1853,Inlier,78,38
32,Inlier,105,100
78,Outlier,162,128
131,Inlier,147,35
308,Inlier,75,56
669,Inlier,27,186
912,Inlier,64,63
952,Inlier,195,195
994,Inlier,78,42
1079,Inlier,56,150
1192,Inlier,9,116
1364,Inlier,183,45
1404,Inlier,23,29
1562,Inlier,39,94
1804,Inlier,20,158
213,Inlier,146,175
352,Inlier,176,25
593,Inlier,106,62
907,Inlier,170,185
1141,Inlier,141,5
1335,Inlier,1,85
1380,Inlier,25,48
1694,Inlier,75,88
1939,Inlier,123,123
155,Inlier,48,152
598,Inlier,179,7
637,Inlier,113,186
997,Inlier,192,93
1160,Inlier,66,167
1549,Inlier,47,10
1595,Inlier,141,130
1679,Inlier,12,75
1759,Inlier,186,127
1824,Inlier,31,167
416,Inlier,190,80
585,Inlier,175,121
639,Inlier,70,76
740,Inlier,180,117
757,Inlier,92,93
953,Inlier,5,102
1167,Inlier,175,110
1219,Inlier,165,61
1248,Inlier,111,7
1366,Inlier,158,172
1393,Inlier,144,88
1535,Inlier,77,46
1552,Inlier,63,188
1626,Inlier,116,71
115,Inlier,67,114
198,Inlier,74,198
336,Inlier,199,18
363,Inlier,75,159
1143,Inlier,4,45
1473,Inlier,76,182
1548,Inlier,179,188
120,Inlier,103,167
129,Inlier,143,57
349,Inlier,75,134
592,Inlier,105,146
1017,Inlier,186,56
1182,Inlier,61,73
1543,Inlier,79,27
1574,Inlier,55,83
1968,Inlier,28,100
1997,Inlier,5,31
74,Inlier,142,127
81,Inlier,21,13
605,Inlier,104,12
777,Inlier,177,61
1157,Inlier,103,18
1318,Inlier,98,171
1669,Inlier,110,159
1887,Inlier,9,18
1945,Inlier,136,194
348,Inlier,60,97
402,Inlier,190,110
685,Inlier,170,79
871,Inlier,102,132
1003,Inlier,181,68
1145,Inlier,48,14
1581,Inlier,78,32
1831,Inlier,52,136
243,Inlier,52,27
410,Inlier,180,143
450,Inlier,150,27
816,Inlier,85,176
1034,Inlier,129,28
1043,Inlier,112,119
1262,Inlier,156,146
1268,Inlier,2,86
1462,Inlier,19,22
1592,Inlier,48,14
2001,Inlier,142,85
298,Inlier,3,111
480,Inlier,100,199
503,Inlier,129,42
1124,Inlier,154,177
1300,Inlier,139,168
1785,Inlier,150,156
1868,Inlier,184,134
193,Inlier,141,193
293,Inlier,79,69
364,Inlier,195,145
573,Inlier,130,47
885,Inlier,10,68
939,Inlier,15,63
996,Inlier,167,26
1056,Inlier,195,136
1176,Inlier,68,100
1630,Inlier,9,142
1982,Inlier,154,9
16,Inlier,93,90
35,Inlier,141,52
181,Inlier,20,49
335,Inlier,98,160
401,Inlier,37,79
404,Inlier,143,135
949,Inlier,8,62
984,Inlier,13,171
1347,Inlier,99,38
1524,Inlier,187,56
1882,Inlier,182,11
134,Inlier,189,3
216,Inlier,155,19
371,Inlier,191,140
407,Inlier,34,184
500,Inlier,157,119
721,Inlier,48,66
1388,Inlier,79,44
1467,Inlier,6,106
1479,Inlier,31,72
1523,Inlier,187,161
1876,Inlier,144,191
334,Inlier,129,8
808,Inlier,39,78
1095,Inlier,31,176
1105,Inlier,54,80
1136,Inlier,170,67
1306,Inlier,153,132
1723,Inlier,117,74
1767,Inlier,7,79
1918,Inlier,114,177
204,Inlier,181,148
332,Inlier,194,86
1173,Inlier,118,126
1254,Inlier,157,181
1315,Inlier,176,72
1642,Inlier,32,67
1655,Inlier,48,109
302,Inlier,12,57
423,Inlier,83,87
430,Inlier,32,39
595,Inlier,131,38
1107,Inlier,116,9
1208,Inlier,30,58
1517,Inlier,71,160
1713,Inlier,81,52
1738,Inlier,144,97
197,Inlier,167,26
237,Inlier,8,108
355,Inlier,111,150
406,Inlier,161,38
433,Inlier,110,72
449,Inlier,53,194
479,Inlier,144,60
504,Inlier,76,197
632,Inlier,17,41
701,Inlier,1,87
787,Inlier,50,132
899,Inlier,182,131
988,Inlier,42,43
1958,Inlier,65,124
8,Inlier,127,169
168,Inlier,13,87
273,Inlier,168,186
441,Inlier,21,198
499,Inlier,84,36
566,Inlier,64,149
731,Inlier,118,3
1218,Inlier,71,156
1221,Inlier,193,170
77,Outlier,134,34
456,Inlier,190,106
476,Inlier,150,77
684,Inlier,140,9
943,Inlier,123,83
995,Inlier,27,159
1534,Inlier,180,195
1722,Inlier,184,134
108,Inlier,95,100
135,Inlier,91,66
261,Inlier,35,143
316,Inlier,5,161
422,Inlier,41,158
614,Inlier,109,130
668,Inlier,86,115
845,Inlier,89,17
1239,Inlier,127,27
1267,Inlier,121,110
1456,Inlier,161,8
1777,Inlier,21,148
1978,Inlier,44,198
6,Inlier,30,7
7,Outlier,154,120
265,Inlier,87,7
282,Inlier,26,29
415,Inlier,158,76
974,Inlier,88,193
1019,Inlier,180,12
1071,Inlier,141,94
1557,Inlier,4,140
1776,Inlier,184,163
1899,Inlier,82,187
43,Inlier,121,29
412,Inlier,69,59
485,Inlier,77,142
599,Inlier,157,7
890,Inlier,118,70
1063,Inlier,172,178
1276,Inlier,53,138
1515,Inlier,113,10
1885,Inlier,72,118
1989,Inlier,138,175
102,Inlier,173,22
139,Inlier,111,120
206,Inlier,149,34
212,Inlier,4,157
310,Inlier,17,140
342,Inlier,127,148
374,Inlier,192,6
466,Inlier,162,59
657,Inlier,187,69
698,Inlier,80,31
863,Inlier,6,100
896,Inlier,15,92
990,Inlier,190,51
1197,Inlier,82,146
1525,Inlier,165,51
1960,Inlier,61,165
726,Inlier,161,54
895,Inlier,49,86
924,Inlier,58,7
1090,Inlier,103,185
1155,Inlier,179,175
1275,Inlier,99,61
1408,Inlier,113,128
1682,Inlier,195,156
1720,Inlier,11,146
1728,Inlier,170,131
1806,Inlier,152,145
1928,Inlier,58,182
311,Inlier,114,65
469,Inlier,90,117
530,Inlier,27,107
641,Inlier,22,134
644,Inlier,187,44
891,Inlier,120,24
1202,Inlier,151,144
1205,Inlier,64,94
1563,Inlier,23,17
1787,Inlier,70,158
1865,Inlier,138,77
470,Inlier,195,4
718,Inlier,93,92
945,Inlier,23,19
1099,Inlier,88,92
1353,Inlier,91,148
1475,Inlier,13,116
1835,Inlier,14,154
1909,Inlier,68,167
1913,Inlier,41,189
755,Inlier,40,130
830,Inlier,69,172
1246,Inlier,197,98
1332,Inlier,55,80
1709,Inlier,118,173
1746,Inlier,33,72
1753,Inlier,105,75
1838,Inlier,45,181
1873,Inlier,155,179
44,Outlier,186,177
400,Inlier,82,105
437,Inlier,117,69
444,Inlier,3,143
528,Inlier,86,82
828,Inlier,91,122
873,Inlier,82,105
1458,Inlier,69,122
1732,Inlier,122,60
1773,Inlier,158,151
13,Inlier,169,84
146,Inlier,42,74
399,Inlier,66,16
934,Inlier,36,191
1047,Inlier,10,191
1093,Inlier,67,161
1650,Inlier,50,149
1840,Inlier,145,76
220,Inlier,112,174
313,Inlier,40,114
394,Inlier,198,15
1316,Inlier,66,104
75,Outlier,54,180
589,Inlier,185,39
752,Inlier,162,6
982,Inlier,159,133
1062,Inlier,60,34
1116,Inlier,57,48
1119,Inlier,163,64
1271,Inlier,113,178
1500,Inlier,162,134
1502,Inlier,141,173
304,Inlier,44,162
381,Inlier,67,11
511,Inlier,39,14
564,Inlier,65,164
991,Inlier,74,133
1240,Inlier,197,59
1242,Inlier,161,161
1633,Inlier,97,29
1881,Inlier,108,103
56,Outlier,87,177
1383,Inlier,77,173
1874,Inlier,152,97
45,Inlier,26,59
495,Inlier,141,9
705,Inlier,149,175
839,Inlier,13,67
961,Inlier,47,13
1371,Inlier,97,141
1506,Inlier,69,10
1547,Inlier,139,151
1620,Inlier,50,188
1862,Inlier,95,100
299,Inlier,12,187
419,Inlier,73,88
472,Inlier,28,100
539,Inlier,109,195
586,Inlier,198,111
868,Inlier,137,80
927,Inlier,156,58
1088,Inlier,69,77
1126,Inlier,169,105
1200,Inlier,109,20
1273,Inlier,178,149
1367,Inlier,25,103
1405,Inlier,104,9
1435,Inlier,47,144
1493,Inlier,111,88
1812,Inlier,142,137
1912,Inlier,190,133
1920,Inlier,173,150
83,Inlier,18,60
154,Inlier,76,183
250,Inlier,23,76
377,Inlier,12,161
937,Inlier,170,166
993,Inlier,104,147
1266,Inlier,41,80
1342,Inlier,128,93
1345,Inlier,76,86
1532,Inlier,106,39
1727,Inlier,113,176
1886,Inlier,132,105
86,Inlier,96,4
271,Inlier,104,55
531,Inlier,3,87
627,Inlier,144,126
628,Inlier,123,7
667,Inlier,75,118
853,Inlier,21,168
1301,Inlier,96,149
1579,Inlier,129,104
1666,Inlier,113,176
205,Inlier,157,194
519,Inlier,83,157
635,Inlier,96,37
692,Inlier,109,198
1771,Inlier,48,196
1866,Inlier,170,108
344,Inlier,26,170
425,Inlier,184,177
1053,Inlier,190,144
1054,Inlier,50,48
1601,Inlier,184,75
1665,Inlier,36,125
1705,Inlier,116,156
1888,Inlier,41,32
295,Inlier,148,41
517,Inlier,111,64
523,Inlier,20,106
590,Inlier,162,85
616,Inlier,105,70
663,Inlier,137,80
733,Inlier,191,48
1236,Inlier,11,116
1288,Inlier,139,114
1587,Inlier,176,170
1594,Inlier,83,193
1927,Inlier,147,138
1984,Inlier,85,65
474,Inlier,64,72
660,Inlier,91,86
725,Inlier,35,194
743,Inlier,52,31
916,Inlier,81,172
948,Inlier,46,138
955,Inlier,116,136
1215,Inlier,96,164
1303,Inlier,38,93
1994,Inlier,4,128
382,Inlier,35,116
478,Inlier,191,94
549,Inlier,140,40
1466,Inlier,98,170
1492,Inlier,60,111
331,Inlier,43,114
514,Inlier,75,132
611,Inlier,92,173
724,Inlier,149,180
747,Inlier,111,52
1022,Inlier,148,19
1403,Inlier,58,149
1701,Inlier,108,131
1817,Inlier,141,12
1925,Inlier,197,133
439,Inlier,16,134
715,Inlier,195,91
840,Inlier,15,66
875,Inlier,116,99
1013,Inlier,114,43
1194,Inlier,30,164
258,Inlier,46,132
322,Inlier,193,73
535,Inlier,171,32
683,Inlier,173,49
809,Inlier,134,130
858,Inlier,81,137
966,Inlier,51,27
1127,Inlier,65,71
1138,Inlier,151,18
1149,Inlier,187,29
1575,Inlier,105,153
1689,Inlier,125,85
178,Inlier,72,25
502,Inlier,192,114
744,Inlier,81,144
766,Inlier,74,171
770,Inlier,9,65
1191,Inlier,12,173
1361,Inlier,176,101
1483,Inlier,32,84
1529,Inlier,94,125
1708,Inlier,72,193
1756,Inlier,145,106
1758,Inlier,112,59
1764,Inlier,56,194
1833,Inlier,38,109
1954,Inlier,168,5
150,Inlier,190,53
671,Inlier,172,71
756,Inlier,126,30
778,Inlier,134,102
1010,Inlier,168,143
47,Outlier,153,13
91,Inlier,174,70
110,Inlier,185,179
138,Inlier,27,132
239,Inlier,46,178
254,Inlier,53,101
550,Inlier,89,5
810,Inlier,183,38
823,Inlier,162,164
1180,Inlier,121,61
1415,Inlier,198,12
1693,Inlier,31,85
1936,Inlier,134,5
347,Inlier,3,187
622,Inlier,6,198
659,Inlier,58,28
1133,Inlier,154,129
1169,Inlier,160,164
1213,Inlier,5,30
1667,Inlier,111,158
247,Inlier,30,33
491,Inlier,22,78
761,Inlier,10,65
794,Inlier,174,148
795,Inlier,87,183
918,Inlier,87,87
1229,Inlier,139,34
1341,Inlier,126,96
1414,Inlier,26,8
1516,Inlier,43,31
1842,Inlier,38,119
284,Inlier,179,146
362,Inlier,181,164
388,Inlier,30,160
604,Inlier,196,23
758,Inlier,105,15
877,Inlier,155,65
1158,Inlier,76,45
1331,Inlier,195,152
1346,Inlier,195,170
1647,Inlier,84,24
1672,Inlier,25,142
1841,Inlier,83,133
1972,Inlier,2,2
153,Inlier,31,161
328,Inlier,118,194
380,Inlier,16,144
555,Inlier,197,190
587,Inlier,153,153
903,Inlier,178,142
1362,Inlier,113,116
1504,Inlier,15,3
1675,Inlier,15,94
1779,Inlier,102,100
1803,Inlier,195,186
1988,Inlier,108,154
61,Inlier,19,196
140,Inlier,153,47
211,Inlier,152,11
285,Inlier,47,156
366,Inlier,104,16
492,Inlier,125,173
619,Inlier,142,160
1250,Inlier,180,93
1368,Inlier,175,50
1377,Inlier,57,41
1566,Inlier,114,49
1659,Inlier,159,165
1734,Inlier,116,166
1827,Inlier,68,30
1878,Inlier,58,145
1902,Inlier,44,133
33,Inlier,198,105
414,Inlier,9,51
429,Inlier,16,75
527,Inlier,125,123
544,Inlier,114,143
1081,Inlier,108,145
1615,Inlier,94,164
1917,Inlier,179,163
195,Inlier,102,32
443,Inlier,101,150
760,Inlier,57,113
786,Inlier,122,90
789,Inlier,175,79
906,Inlier,149,60
1023,Inlier,65,17
1103,Inlier,61,70
1292,Inlier,115,29
1935,Inlier,54,112
109,Inlier,133,43
166,Inlier,65,160
210,Inlier,84,93
651,Inlier,90,79
781,Inlier,100,33
793,Inlier,50,70
1232,Inlier,182,2
1565,Inlier,13,21
1685,Inlier,129,8
18,Outlier,170,48
84,Inlier,54,90
112,Inlier,168,125
1249,Inlier,73,162
1253,Inlier,190,17
1285,Inlier,44,112
1895,Inlier,42,110
235,Inlier,122,33
257,Inlier,9,71
266,Inlier,61,106
623,Inlier,62,128
672,Inlier,79,34
708,Inlier,68,134
812,Inlier,91,122
825,Inlier,121,40
1012,Inlier,169,16
1097,Inlier,134,198
1129,Inlier,21,163
1241,Inlier,42,194
1314,Inlier,168,173
1343,Inlier,46,63
1487,Inlier,93,119
1494,Inlier,167,141
1531,Inlier,96,44
1697,Inlier,114,1
1742,Inlier,121,162
1991,Inlier,56,178
98,Inlier,186,63
142,Inlier,7,103
157,Inlier,169,127
398,Inlier,120,136
1298,Inlier,167,47
1420,Inlier,7,18
1459,Inlier,169,51
1499,Inlier,106,63
1937,Inlier,172,134
101,Inlier,4,178
457,Inlier,68,102
676,Inlier,134,88
797,Inlier,97,58
1330,Inlier,68,71
1375,Inlier,124,81
1482,Inlier,147,13
262,Inlier,13,143
1258,Inlier,111,184
278,Inlier,192,164
303,Inlier,40,30
451,Inlier,40,89
584,Inlier,153,35
838,Inlier,76,135
922,Inlier,48,74
1065,Inlier,54,84
1222,Inlier,182,73
1329,Inlier,85,163
1445,Inlier,33,175
1468,Inlier,72,41
1510,Inlier,108,112
1616,Inlier,105,151
1737,Inlier,150,43
1914,Inlier,17,150
160,Inlier,199,95
177,Inlier,187,100
385,Inlier,53,110
557,Inlier,106,187
1294,Inlier,197,30
1309,Inlier,156,85
1820,Inlier,61,23
244,Inlier,150,199
548,Inlier,79,113
630,Inlier,29,97
710,Inlier,8,136
800,Inlier,190,186
843,Inlier,150,70
869,Inlier,166,71
878,Inlier,190,137
1077,Inlier,113,45
1108,Inlier,156,138
1144,Inlier,166,75
1572,Inlier,169,44
1843,Inlier,162,165
221,Inlier,109,153
435,Inlier,8,113
580,Inlier,58,76
631,Inlier,192,76
772,Inlier,96,53
929,Inlier,145,54
1282,Inlier,28,178
1464,Inlier,56,172
1505,Inlier,52,195
1528,Inlier,49,165
1609,Inlier,150,86
1995,Inlier,142,46
318,Inlier,118,159
411,Inlier,50,5
1280,Inlier,176,135
1573,Inlier,85,171
1631,Inlier,71,108
1891,Inlier,69,174
40,Inlier,182,3
186,Inlier,107,125
188,Inlier,154,75
497,Inlier,164,132
865,Inlier,147,136
888,Inlier,79,41
1193,Inlier,49,71
1411,Inlier,134,91
1818,Inlier,70,129
1926,Inlier,164,89
192,Inlier,170,178
569,Inlier,81,165
608,Inlier,49,68
773,Inlier,96,65
847,Inlier,194,123
1075,Inlier,152,33
1386,Inlier,132,69
100,Inlier,86,138
147,Inlier,178,176
217,Inlier,163,11
253,Inlier,10,153
386,Inlier,112,176
1049,Inlier,149,166
1074,Inlier,102,184
1611,Inlier,54,177
1698,Inlier,47,137
1859,Inlier,146,96
1923,Inlier,56,171
39,Outlier,101,46
372,Inlier,127,97
581,Inlier,18,38
958,Inlier,26,46
983,Inlier,83,31
1027,Inlier,162,159
1067,Inlier,24,20
1114,Inlier,51,189
1225,Inlier,84,195
1308,Inlier,157,62
1465,Inlier,94,198
1761,Inlier,133,176
1813,Inlier,156,50
5,Inlier,197,45
337,Inlier,97,99
542,Inlier,19,29
1014,Inlier,136,155
1068,Inlier,30,158
1287,Inlier,33,126
1513,Inlier,52,182
1522,Inlier,1,6
1661,Inlier,125,149
1951,Inlier,49,40
222,Inlier,33,92
361,Inlier,142,121
513,Inlier,3,191
790,Inlier,16,40
832,Inlier,49,175
844,Inlier,96,5
1135,Inlier,125,98
1256,Inlier,165,43
1265,Inlier,125,30
1433,Inlier,134,13
1481,Inlier,57,7
1648,Inlier,174,134
1858,Inlier,137,29
1906,Inlier,102,83
88,Inlier,85,154
320,Inlier,134,77
464,Inlier,195,120
782,Inlier,191,55
898,Inlier,186,184
1064,Inlier,84,76
447,Inlier,115,120
728,Inlier,181,8
915,Inlier,92,23
959,Inlier,181,141
1029,Inlier,123,193
1269,Inlier,168,9
1359,Inlier,128,136
1514,Inlier,125,189
1703,Inlier,124,64
1910,Inlier,6,65
1922,Inlier,198,43
1953,Inlier,103,75
22,Outlier,82,156
46,Outlier,52,144
119,Inlier,105,76
594,Inlier,153,49
699,Inlier,97,115
1749,Inlier,111,37
1762,Inlier,141,194
1844,Inlier,162,43
1979,Inlier,187,60
59,Inlier,143,32
127,Inlier,104,38
128,Inlier,182,26
182,Inlier,146,181
862,Inlier,29,184
1750,Inlier,98,28
1775,Inlier,81,100
1816,Inlier,102,83
1985,Inlier,101,86
17,Outlier,196,90
79,Inlier,118,10
339,Inlier,9,121
487,Inlier,61,100
540,Inlier,131,156
806,Inlier,144,99
1212,Inlier,132,174
1283,Inlier,71,159
1326,Inlier,133,42
1370,Inlier,90,171
1503,Inlier,76,130
1509,Inlier,104,18
1558,Inlier,98,147
1585,Inlier,54,190
1600,Inlier,148,16
1726,Inlier,27,181
69,Inlier,36,138
171,Inlier,127,148
215,Inlier,147,85
529,Inlier,60,195
625,Inlier,51,180
654,Inlier,86,136
967,Inlier,134,88
978,Inlier,93,21
981,Inlier,117,132
1337,Inlier,85,186
1577,Inlier,43,63
1938,Inlier,67,52
136,Inlier,140,68
203,Inlier,101,57
483,Inlier,148,33
647,Inlier,128,94
697,Inlier,59,199
763,Inlier,31,129
836,Inlier,157,138
894,Inlier,104,65
900,Inlier,92,36
1190,Inlier,120,19
1413,Inlier,163,138
1447,Inlier,91,162
1546,Inlier,71,57
1561,Inlier,42,96
1603,Inlier,194,181
1614,Inlier,186,97
1721,Inlier,167,70
3,Outlier,132,77
50,Inlier,2,15
179,Inlier,69,8
901,Inlier,114,187
1044,Inlier,168,104
1086,Inlier,166,14
1152,Inlier,118,137
1444,Inlier,149,114
1463,Inlier,110,101
1688,Inlier,140,89
1814,Inlier,47,119
1977,Inlier,91,1
678,Inlier,156,29
905,Inlier,123,183
933,Inlier,38,104
1035,Inlier,134,6
1121,Inlier,13,109
1147,Inlier,14,106
1636,Inlier,38,78
1863,Inlier,146,7
187,Inlier,26,189
209,Inlier,121,77
893,Inlier,93,32
1006,Inlier,31,48
1162,Inlier,16,44
1238,Inlier,190,128
1680,Inlier,62,21
1687,Inlier,145,160
1848,Inlier,159,196
28,Outlier,158,77
516,Inlier,172,87
1869,Inlier,179,75
105,Inlier,61,171
300,Inlier,18,99
350,Inlier,130,136
387,Inlier,157,166
482,Inlier,198,62
833,Inlier,40,83
1016,Inlier,3,198
1042,Inlier,51,133
1123,Inlier,36,128
1137,Inlier,7,14
1235,Inlier,195,34
1281,Inlier,119,187
1305,Inlier,108,158
1396,Inlier,149,188
1536,Inlier,51,147
1602,Inlier,196,59
1716,Inlier,120,166
1739,Inlier,178,91
1871,Inlier,127,52
576,Inlier,170,65
1005,Inlier,85,148
1223,Inlier,102,144
1613,Inlier,34,99
1622,Inlier,118,104
280,Inlier,56,20
729,Inlier,89,41
942,Inlier,111,132
1112,Inlier,159,180
1186,Inlier,85,172
1231,Inlier,185,31
1519,Inlier,119,63
1832,Inlier,40,6
1852,Inlier,149,173
1949,Inlier,109,57
1963,Inlier,184,77
751,Inlier,137,184
859,Inlier,91,125
1089,Inlier,109,33
1718,Inlier,3,9
1765,Inlier,138,50
1921,Inlier,116,188
255,Inlier,44,50
260,Inlier,129,149
664,Inlier,93,151
923,Inlier,175,160
1058,Inlier,85,96
1217,Inlier,13,56
1237,Inlier,79,173
1374,Inlier,100,11
1544,Inlier,146,94
1590,Inlier,154,41
1673,Inlier,97,18
1719,Inlier,42,129
459,Inlier,40,101
526,Inlier,123,141
556,Inlier,75,141
780,Inlier,190,13
892,Inlier,116,28
920,Inlier,63,175
972,Inlier,58,187
1770,Inlier,73,130
52,Inlier,82,161
268,Inlier,190,51
917,Inlier,190,17
1264,Inlier,129,148
1286,Inlier,13,15
1290,Inlier,12,30
1707,Inlier,46,146
1733,Inlier,96,140
1736,Inlier,85,155
1896,Inlier,121,108
4,Outlier,159,102
51,Outlier,22,30
63,Inlier,182,173
94,Inlier,140,60
107,Inlier,174,81
208,Inlier,65,76
327,Inlier,132,120
694,Inlier,184,85
784,Inlier,112,86
908,Inlier,101,35
1151,Inlier,129,74
1211,Inlier,64,157
1323,Inlier,129,8
1476,Inlier,16,80
1491,Inlier,83,173
1518,Inlier,69,118
1730,Inlier,73,35
1981,Inlier,77,54
645,Inlier,149,14
831,Inlier,24,118
1418,Inlier,180,117
287,Inlier,4,65
378,Inlier,80,14
615,Inlier,6,103
649,Inlier,151,154
801,Inlier,7,101
820,Inlier,55,86
1501,Inlier,164,1
1537,Inlier,48,21
1747,Inlier,133,111
1900,Inlier,17,115
2000,Inlier,153,36
307,Inlier,186,125
453,Inlier,21,162
681,Inlier,118,65
764,Inlier,119,102
765,Inlier,171,38
802,Inlier,49,117
1045,Inlier,129,124
1072,Inlier,153,57
1360,Inlier,105,189
1438,Inlier,196,31
1591,Inlier,142,83
1819,Inlier,28,36
1911,Inlier,6,25
323,Inlier,24,64
345,Inlier,104,97
914,Inlier,188,87
975,Inlier,32,134
1102,Inlier,60,60
1185,Inlier,60,151
1412,Inlier,77,154
1691,Inlier,81,120
1744,Inlier,128,60
1879,Inlier,73,55
36,Inlier,182,67
130,Inlier,152,63
132,Inlier,112,137
498,Inlier,165,11
1352,Inlier,185,169
1369,Inlier,16,128
1584,Inlier,47,173
1593,Inlier,140,195
1649,Inlier,47,3
1684,Inlier,126,21
49,Inlier,142,88
618,Inlier,39,186
713,Inlier,161,50
750,Inlier,135,185
1402,Inlier,99,5
1417,Inlier,123,71
1488,Inlier,135,56
1521,Inlier,25,24
1792,Inlier,138,179
1801,Inlier,24,22
315,Inlier,43,44
512,Inlier,24,194
578,Inlier,120,104
874,Inlier,188,34
957,Inlier,149,183
1291,Inlier,145,198
1425,Inlier,150,188
1570,Inlier,174,15
1834,Inlier,190,42
121,Inlier,35,37
133,Inlier,120,126
688,Inlier,37,6
730,Inlier,69,8
979,Inlier,94,151
1040,Inlier,142,153
1339,Inlier,21,32
1379,Inlier,155,117
1426,Inlier,163,176
700,Inlier,3,72
712,Inlier,66,199
1634,Inlier,6,96
1635,Inlier,33,177
1790,Inlier,154,76
553,Inlier,96,195
976,Inlier,1,134
1340,Inlier,137,25
1627,Inlier,107,24
1656,Inlier,31,174
1828,Inlier,20,35
1875,Inlier,133,164
1884,Inlier,149,58
1964,Inlier,17,58
176,Inlier,145,69
286,Inlier,148,109
373,Inlier,23,142
570,Inlier,128,68
925,Inlier,37,124
928,Inlier,34,106
1059,Inlier,185,101
1216,Inlier,164,78
152,Inlier,47,106
163,Inlier,34,67
357,Inlier,164,71
829,Inlier,71,93
1175,Inlier,25,98
1755,Inlier,164,135
1849,Inlier,130,134
1955,Inlier,76,156
226,Inlier,56,176
269,Inlier,73,196
321,Inlier,188,195
446,Inlier,123,69
496,Inlier,159,140
601,Inlier,181,39
848,Inlier,60,53
960,Inlier,135,12
1146,Inlier,17,110
1251,Inlier,93,34
1338,Inlier,29,79
1407,Inlier,67,40
1448,Inlier,13,117
1671,Inlier,114,113
1908,Inlier,146,176
1952,Inlier,125,60
1993,Inlier,189,5
191,Inlier,58,120
481,Inlier,39,87
533,Inlier,155,156
716,Inlier,180,199
855,Inlier,4,146
1092,Inlier,194,189
1399,Inlier,80,164
1486,Inlier,93,123
1618,Inlier,73,22
1829,Inlier,182,16
1973,Inlier,86,138
170,Inlier,3,15
249,Inlier,82,163
732,Inlier,77,55
788,Inlier,47,2
817,Inlier,175,168
992,Inlier,66,116
1741,Inlier,104,141
1745,Inlier,50,4
547,Inlier,174,61
575,Inlier,22,10
591,Inlier,89,183
714,Inlier,31,138
819,Inlier,23,31
1272,Inlier,129,163
1325,Inlier,65,150
1450,Inlier,107,67
1729,Inlier,25,149
1810,Inlier,143,69
283,Inlier,110,199
442,Inlier,116,39
563,Inlier,111,144
583,Inlier,44,93
1184,Inlier,98,68
1220,Inlier,110,156
1382,Inlier,157,82
1432,Inlier,159,67
1533,Inlier,15,141
1983,Inlier,190,165
1992,Inlier,122,108
126,Inlier,169,83
246,Inlier,58,142
392,Inlier,69,69
609,Inlier,128,9
1168,Inlier,178,15
1234,Inlier,178,187
1358,Inlier,137,187
1588,Inlier,39,48
1637,Inlier,56,187
1725,Inlier,86,61
1970,Inlier,117,73
1996,Inlier,6,87
124,Inlier,88,127
325,Inlier,22,147
440,Inlier,40,2
737,Inlier,6,22
1351,Inlier,21,1
1401,Inlier,114,118
1422,Inlier,192,36
1856,Inlier,135,188
1867,Inlier,141,119
263,Inlier,138,188
351,Inlier,118,157
537,Inlier,153,11
677,Inlier,23,32
842,Inlier,119,77
1480,Inlier,35,145
1956,Inlier,80,69
365,Inlier,4,162
395,Inlier,153,40
640,Inlier,180,123
769,Inlier,44,93
1011,Inlier,1,175
1070,Inlier,71,162
954,Inlier,12,112
985,Inlier,199,193
1293,Inlier,30,27
1372,Inlier,3,173
1957,Inlier,153,72
55,Inlier,49,115
538,Inlier,10,12
650,Inlier,168,96
655,Inlier,43,95
746,Inlier,21,26
1028,Inlier,5,121
1061,Inlier,20,71
1122,Inlier,182,42
1163,Inlier,86,57
1226,Inlier,174,102
1657,Inlier,50,58
1808,Inlier,74,56
1823,Inlier,190,111
93,Inlier,160,30
144,Inlier,44,98
467,Inlier,16,162
567,Inlier,35,43
879,Inlier,185,106
964,Inlier,73,97
1255,Inlier,10,157
1373,Inlier,82,75
1394,Inlier,89,119
1477,Inlier,178,152
1568,Inlier,99,132
1617,Inlier,55,156
164,Inlier,11,48
379,Inlier,61,180
397,Inlier,65,67
522,Inlier,66,147
524,Inlier,25,17
543,Inlier,30,78
571,Inlier,16,94
882,Inlier,177,144
970,Inlier,158,185
1596,Inlier,178,21
1894,Inlier,106,184
1940,Inlier,184,35
245,Inlier,23,11
305,Inlier,197,119
358,Inlier,13,60
428,Inlier,127,162
600,Inlier,97,98
807,Inlier,38,45
881,Inlier,13,87
1172,Inlier,95,132
1319,Inlier,72,173
1395,Inlier,122,161
1670,Inlier,43,103
1748,Inlier,189,133
27,Outlier,153,25
383,Inlier,6,38
518,Inlier,129,174
613,Inlier,83,29
723,Inlier,158,50
775,Inlier,77,76
837,Inlier,19,38
971,Inlier,111,76
1174,Inlier,115,96
1299,Inlier,19,22
1310,Inlier,61,156
1551,Inlier,71,84
312,Inlier,115,176
346,Inlier,81,189
720,Inlier,145,105
753,Inlier,195,74
1024,Inlier,166,85
1078,Inlier,126,7
1170,Inlier,95,66
1203,Inlier,33,20
1484,Inlier,146,182
1556,Inlier,149,18
1811,Inlier,191,191
169,Inlier,24,199
238,Inlier,176,171
290,Inlier,45,9
369,Inlier,195,106
396,Inlier,62,166
754,Inlier,61,33
767,Inlier,134,175
826,Inlier,51,159
1453,Inlier,45,80
1942,Inlier,35,32
291,Inlier,17,81
461,Inlier,7,66
552,Inlier,167,59
565,Inlier,194,80
1715,Inlier,130,168
1772,Inlier,179,132
1847,Inlier,76,46
1916,Inlier,180,90
359,Inlier,20,160
391,Inlier,88,18
709,Inlier,186,90
866,Inlier,106,84
1025,Inlier,36,91
1783,Inlier,118,52
1941,Inlier,149,90
1961,Inlier,15,167
2,Inlier,171,108
64,Outlier,60,162
122,Inlier,67,108
141,Inlier,73,88
317,Inlier,198,186
1036,Inlier,189,119
1106,Inlier,136,141
1846,Inlier,29,72
1946,Inlier,20,198
67,Inlier,4,134
251,Inlier,102,118
867,Inlier,165,94
1039,Inlier,180,192
1201,Inlier,29,17
1207,Inlier,15,22
1485,Inlier,80,192
1654,Inlier,147,72
1825,Inlier,15,35
125,Inlier,96,14
493,Inlier,189,48
617,Inlier,192,99
824,Inlier,40,112
911,Inlier,37,180
1084,Inlier,33,8
1999,Inlier,6,112
14,Inlier,33,184
38,Outlier,158,171
288,Inlier,99,173
329,Inlier,43,28
455,Inlier,186,168
727,Inlier,66,97
734,Inlier,136,152
999,Inlier,159,73
1154,Inlier,22,137
1454,Inlier,35,12
1527,Inlier,116,186
1632,Inlier,3,62
1678,Inlier,40,73
434,Inlier,24,27
534,Inlier,42,176
748,Inlier,75,168
897,Inlier,75,145
1179,Inlier,187,122
1344,Inlier,164,164
1621,Inlier,84,111
1794,Inlier,138,139
1839,Inlier,17,90
771,Inlier,169,146
987,Inlier,182,188
1389,Inlier,112,188
1571,Inlier,98,44
1998,Inlier,89,102
279,Inlier,58,196
947,Inlier,192,196
1189,Inlier,161,185
1645,Inlier,148,175
1962,Inlier,144,165
60,Outlier,71,1
82,Inlier,62,102
574,Inlier,32,25
1227,Inlier,41,125
1520,Inlier,129,16
1724,Inlier,48,53
1807,Inlier,59,65
199,Inlier,143,103
275,Inlier,36,22
436,Inlier,58,178
489,Inlier,133,51
629,Inlier,159,9
636,Inlier,19,103
736,Inlier,128,185
1653,Inlier,22,87
1702,Inlier,70,87
1778,Inlier,176,114
184,Inlier,120,110
229,Inlier,14,123
421,Inlier,61,16
579,Inlier,181,86
610,Inlier,14,171
722,Inlier,12,185
811,Inlier,96,104
969,Inlier,62,33
980,Inlier,22,30
1055,Inlier,155,98
1082,Inlier,190,99
1416,Inlier,44,85
1640,Inlier,64,102
1641,Inlier,169,145
1897,Inlier,147,169
277,Inlier,129,52
1018,Inlier,191,156
1313,Inlier,21,140
1446,Inlier,117,29
1704,Inlier,163,171
1855,Inlier,195,59
185,Inlier,126,36
189,Inlier,187,78
225,Inlier,54,129
633,Inlier,189,190
1210,Inlier,78,196
1324,Inlier,1,86
1451,Inlier,30,116
1864,Inlier,89,64
1877,Inlier,101,88
1948,Inlier,11,71
87,Inlier,112,111
97,Inlier,198,69
149,Inlier,98,86
384,Inlier,175,156
448,Inlier,45,187
551,Inlier,172,135
588,Inlier,115,125
768,Inlier,148,199
910,Inlier,160,191
1048,Inlier,57,161
1087,Inlier,135,71
1429,Inlier,43,164
1431,Inlier,105,109
1774,Inlier,32,18
1870,Inlier,166,151
37,Inlier,102,102
103,Inlier,172,42
159,Inlier,161,182
233,Inlier,89,97
426,Inlier,196,166
851,Inlier,182,17
909,Inlier,79,150
1001,Inlier,139,28
1050,Inlier,182,145
1228,Inlier,67,78
1333,Inlier,133,102
1660,Inlier,86,48
1789,Inlier,58,144
1793,Inlier,141,188
1892,Inlier,199,151
1929,Inlier,11,101
252,Inlier,142,115
559,Inlier,109,179
596,Inlier,196,136
674,Inlier,50,75
930,Inlier,74,76
977,Inlier,175,154
1033,Inlier,108,138
1564,Inlier,36,133
1658,Inlier,163,176
267,Inlier,91,57
338,Inlier,21,115
490,Inlier,56,181
944,Inlier,86,66
1230,Inlier,14,190
1244,Inlier,139,35
1452,Inlier,177,166
1545,Inlier,56,160
1699,Inlier,14,168
1805,Inlier,97,2
165,Inlier,46,118
201,Inlier,44,129
405,Inlier,126,156
488,Inlier,85,134
696,Inlier,95,82
1109,Inlier,184,92
1583,Inlier,71,154
1597,Inlier,36,197
57,Inlier,15,15
90,Inlier,115,191
494,Inlier,72,84
501,Inlier,106,49
687,Inlier,92,17
741,Inlier,58,80
1038,Inlier,102,25
1159,Inlier,173,164
1165,Inlier,168,116
1378,Inlier,168,181
1390,Inlier,125,199
1398,Inlier,19,187
1857,Inlier,96,171
180,Inlier,152,163
603,Inlier,86,2
621,Inlier,107,150
658,Inlier,131,77
745,Inlier,56,13
938,Inlier,81,146
1051,Inlier,131,87
1206,Inlier,189,19
1711,Inlier,152,10
42,Inlier,195,16
104,Inlier,35,76
219,Inlier,3,83
546,Inlier,169,172
679,Inlier,178,163
1296,Inlier,3,135
1385,Inlier,142,65
1586,Inlier,72,71
1599,Inlier,113,186
1907,Inlier,39,61
1975,Inlier,182,26
403,Inlier,179,28
560,Inlier,124,185
849,Inlier,29,25
931,Inlier,45,150
1085,Inlier,100,149
1161,Inlier,140,169
1245,Inlier,134,191
1277,Inlier,78,119
1334,Inlier,83,147
1472,Inlier,28,76
1932,Inlier,188,15
354,Inlier,133,34
670,Inlier,100,110
835,Inlier,104,16
856,Inlier,30,16
1113,Inlier,22,76
1120,Inlier,62,117
1317,Inlier,53,22
1455,Inlier,69,107
1681,Inlier,148,132
15,Inlier,107,133
71,Inlier,148,28
145,Inlier,14,153
172,Inlier,144,83
693,Inlier,113,160
702,Inlier,104,140
932,Inlier,158,92
962,Inlier,138,133
1171,Inlier,26,38
1327,Inlier,22,4
1495,Inlier,132,96
1639,Inlier,149,157
1890,Inlier,81,195
21,Inlier,75,23
80,Inlier,192,187
242,Inlier,191,78
276,Inlier,191,154
682,Inlier,36,31
783,Inlier,88,53
1209,Inlier,89,175
1252,Inlier,130,146
190,Inlier,122,144
375,Inlier,188,79
484,Inlier,99,109
572,Inlier,170,43
582,Inlier,80,38
646,Inlier,51,149
880,Inlier,106,128
1030,Inlier,132,138
1164,Inlier,176,74
1947,Inlier,84,52
118,Inlier,179,2
561,Inlier,86,61
656,Inlier,91,123
1148,Inlier,148,60
1196,Inlier,175,61
1384,Inlier,103,52
1443,Inlier,99,92
1589,Inlier,67,15
1821,Inlier,21,84
53,Inlier,12,174
72,Inlier,155,169
515,Inlier,8,109
749,Inlier,19,137
852,Inlier,109,5
1101,Inlier,117,139
1392,Inlier,135,138
1427,Inlier,129,61
1692,Inlier,9,84
236,Inlier,117,131
666,Inlier,16,135
973,Inlier,181,195
1026,Inlier,86,62
1156,Inlier,131,127
1560,Inlier,120,31
1623,Inlier,112,167
48,Outlier,166,42
143,Inlier,195,64
248,Inlier,187,10
675,Inlier,13,8
695,Inlier,83,16
1166,Inlier,157,134
1195,Inlier,54,11
1555,Inlier,139,92
1830,Inlier,58,40
545,Inlier,61,93
1008,Inlier,84,106
1080,Inlier,164,105
1799,Inlier,25,42
11,Inlier,164,136
652,Inlier,30,4
719,Inlier,45,48
1350,Inlier,91,152
1582,Inlier,66,84
1780,Inlier,131,70
1797,Inlier,197,90
1845,Inlier,128,172
174,Inlier,6,22
326,Inlier,101,54
413,Inlier,15,145
814,Inlier,30,170
1224,Inlier,79,102
1270,Inlier,114,58
1441,Inlier,178,58
1763,Inlier,29,81
1800,Inlier,62,26
1850,Inlier,111,87
161,Inlier,2,11
289,Inlier,134,140
301,Inlier,68,106
506,Inlier,16,47
1140,Inlier,57,45
1437,Inlier,20,63
1576,Inlier,176,45
20,Outlier,184,168
95,Inlier,148,31
606,Inlier,171,43
963,Inlier,68,148
1754,Inlier,145,50
41,Inlier,61,91
173,Inlier,25,88
224,Inlier,49,159
228,Inlier,194,68
368,Inlier,191,84
857,Inlier,116,186
1041,Inlier,38,96
1387,Inlier,170,114
1439,Inlier,31,81
1643,Inlier,189,84
1663,Inlier,60,102
1690,Inlier,63,12
1786,Inlier,80,12
1796,Inlier,147,126
1880,Inlier,108,123
1987,Inlier,54,198
12,Inlier,154,33
19,Inlier,166,74
62,Inlier,53,199
241,Inlier,130,18
562,Inlier,109,61
739,Inlier,146,71
803,Inlier,169,141
872,Inlier,115,49
968,Inlier,163,37
1069,Inlier,151,104
1091,Inlier,129,164
1183,Inlier,75,170
1539,Inlier,55,190
1624,Inlier,5,52
1695,Inlier,123,188
1706,Inlier,88,89
1743,Inlier,169,84
1934,Inlier,161,99
24,Inlier,180,105
162,Inlier,147,31
214,Inlier,53,98
431,Inlier,103,21
468,Inlier,114,35
486,Inlier,53,189
860,Inlier,123,102
1004,Inlier,188,164
1538,Inlier,4,167
1550,Inlier,169,33
1798,Inlier,66,95
1965,Inlier,105,59
58,Outlier,144,22
270,Inlier,105,168
393,Inlier,156,148
475,Inlier,56,142
648,Inlier,114,105
1128,Inlier,42,41
1355,Inlier,114,75
1507,Inlier,127,64
1553,Inlier,133,88
1554,Inlier,194,86
1822,Inlier,168,41
1990,Inlier,86,150
202,Inlier,5,139
330,Inlier,167,152
558,Inlier,142,158
774,Inlier,36,2
1139,Inlier,131,189
1178,Inlier,100,193
1430,Inlier,119,22
1606,Inlier,58,165
1950,Inlier,95,61
1986,Inlier,186,81
662,Inlier,129,138
822,Inlier,144,141
864,Inlier,184,137
886,Inlier,168,106
1153,Inlier,82,4
1304,Inlier,98,139
1348,Inlier,107,20
1541,Inlier,178,13
1676,Inlier,146,30
1791,Inlier,108,164
1924,Inlier,188,36
70,Inlier,29,190
183,Inlier,124,88
297,Inlier,154,166
643,Inlier,127,93
707,Inlier,81,127
742,Inlier,184,156
935,Inlier,146,136
1073,Inlier,138,124
1376,Inlier,32,159
1470,Inlier,13,97
1508,Inlier,147,137
1768,Inlier,16,42
1781,Inlier,5,58
68,Inlier,98,169
99,Inlier,128,68
156,Inlier,64,149
296,Inlier,81,187
520,Inlier,22,154
1002,Inlier,136,18
1150,Inlier,96,134
1307,Inlier,110,46
1354,Inlier,36,102
1598,Inlier,47,160
1604,Inlier,198,44
1608,Inlier,8,39
1904,Inlier,3,103
106,Inlier,17,156
256,Inlier,182,116
424,Inlier,139,13
1115,Inlier,93,26
1214,Inlier,119,40
1349,Inlier,169,14
1357,Inlier,16,125
1489,Inlier,28,107
29,Inlier,119,14
111,Inlier,69,134
577,Inlier,8,168
703,Inlier,193,56
1188,Inlier,157,130
1311,Inlier,166,47
1580,Inlier,79,14
367,Inlier,77,111
445,Inlier,160,74
463,Inlier,139,88
473,Inlier,180,44
607,Inlier,17,115
680,Inlier,48,161
815,Inlier,3,43
919,Inlier,2,106
1233,Inlier,24,22
1410,Inlier,194,132
1760,Inlier,114,191
25,Outlier,10,158
96,Inlier,107,123
634,Inlier,76,182
717,Inlier,23,49
779,Inlier,195,172
805,Inlier,90,11
827,Inlier,25,161
1409,Inlier,15,49
1497,Inlier,144,61
1542,Inlier,153,103
1612,Inlier,97,187
1933,Inlier,85,127
9,Inlier,39,183
76,Outlier,78,137
123,Inlier,155,80
227,Inlier,94,75
505,Inlier,104,53
785,Inlier,79,53
876,Inlier,45,155
1198,Inlier,36,182
1457,Inlier,111,9
1714,Inlier,66,130
341,Inlier,168,21
389,Inlier,127,176
776,Inlier,34,71
1031,Inlier,123,178
1297,Inlier,91,12
1391,Inlier,7,189
1397,Inlier,15,182
1474,Inlier,103,133
1683,Inlier,15,182
1930,Inlier,181,32
73,Inlier,5,91
167,Inlier,43,163
324,Inlier,126,29
870,Inlier,197,85
904,Inlier,172,60
913,Inlier,114,194
998,Inlier,38,146
1066,Inlier,66,6
1132,Inlier,88,140
1278,Inlier,150,172
1336,Inlier,95,20
1356,Inlier,132,185
1530,Inlier,70,137
1644,Inlier,3,39
1646,Inlier,149,79
1788,Inlier,181,174
1815,Inlier,10,199
1836,Inlier,18,150
1931,Inlier,48,107
1944,Inlier,171,67
23,Inlier,151,175
200,Inlier,6,107
420,Inlier,160,178
508,Inlier,66,113
902,Inlier,12,123
921,Inlier,192,175
1181,Inlier,116,184
1295,Inlier,23,74
1363,Inlier,64,81
1424,Inlier,53,151
1677,Inlier,155,28
1980,Inlier,45,146
89,Inlier,131,173
642,Inlier,3,32
1076,Inlier,118,31
1901,Inlier,52,3
196,Inlier,123,108
432,Inlier,118,61
597,Inlier,180,36
602,Inlier,88,38
690,Inlier,164,72
1400,Inlier,74,156
1419,Inlier,119,142
1440,Inlier,37,159
1540,Inlier,137,170
1861,Inlier,1,84
1959,Inlier,179,65
207,Inlier,188,156
294,Inlier,107,116
507,Inlier,163,184
704,Inlier,93,163
1263,Inlier,110,119
1328,Inlier,16,46
1436,Inlier,140,156
1605,Inlier,186,98
1795,Inlier,65,143
230,Inlier,142,1
452,Inlier,43,87
454,Inlier,70,49
471,Inlier,197,68
706,Inlier,91,97
735,Inlier,94,175
791,Inlier,77,105
861,Inlier,116,98
926,Inlier,154,10
1204,Inlier,99,126
1312,Inlier,190,154
1526,Inlier,138,159
65,Outlier,86,24
194,Inlier,106,194
281,Inlier,169,177
438,Inlier,85,145
850,Inlier,26,102
883,Inlier,85,108
936,Inlier,85,150
1037,Inlier,110,187
1060,Inlier,178,38
1083,Inlier,50,159
1100,Inlier,167,76
1460,Inlier,167,189
1628,Inlier,141,30
1826,Inlier,53,26
417,Inlier,193,165
799,Inlier,86,43
1130,Inlier,140,184
1289,Inlier,91,169
1423,Inlier,4,174
1428,Inlier,160,164
1434,Inlier,17,60
1471,Inlier,19,14
1782,Inlier,70,89
1872,Inlier,148,59
1976,Inlier,140,194
114,Inlier,192,106
274,Inlier,48,168
306,Inlier,187,121
319,Inlier,132,191
525,Inlier,101,45
689,Inlier,198,97
804,Inlier,63,154
1625,Inlier,52,118
1802,Inlier,48,78
1854,Inlier,124,93
1974,Inlier,107,80
390,Inlier,174,46
510,Inlier,168,176
541,Inlier,8,20
673,Inlier,190,145
884,Inlier,32,28
1442,Inlier,120,146
26,Outlier,129,51
218,Inlier,84,8
1096,Inlier,23,94
1257,Inlier,190,125
1321,Inlier,37,127
1674,Inlier,72,164
1731,Inlier,147,110
314,Inlier,103,26
738,Inlier,170,101
941,Inlier,60,184
950,Inlier,59,31
1512,Inlier,40,177
1766,Inlier,161,103
